{
"meta":{"launch_mode":"Train","name":"experiment","iteration_count":550,"learn_metrics":[{"best_value":"Min","name":"RMSE"}],"test_sets":["test"],"test_metrics":[{"best_value":"Min","name":"RMSE"}],"learn_sets":["learn"]},
"iterations":[
{"learn":[13.69735908],"iteration":0,"passed_time":0.2071937299,"remaining_time":113.7493577,"test":[14.10226826]},
{"learn":[13.4397399],"iteration":1,"passed_time":0.2285442288,"remaining_time":62.62111869,"test":[13.84100753]},
{"learn":[13.19226411],"iteration":2,"passed_time":0.2555918986,"remaining_time":46.60292284,"test":[13.59074534]},
{"learn":[12.94761119],"iteration":3,"passed_time":0.2812893564,"remaining_time":38.39599715,"test":[13.34822042]},
{"learn":[12.71086153],"iteration":4,"passed_time":0.3064921827,"remaining_time":33.40764791,"test":[13.10890294]},
{"learn":[12.4896571],"iteration":5,"passed_time":0.3429417009,"remaining_time":31.09338088,"test":[12.89812811]},
{"learn":[12.26780126],"iteration":6,"passed_time":0.3628544804,"remaining_time":28.14714041,"test":[12.67278729]},
{"learn":[12.05248953],"iteration":7,"passed_time":0.3884239611,"remaining_time":26.31572336,"test":[12.4574303]},
{"learn":[11.84735588],"iteration":8,"passed_time":0.4138218481,"remaining_time":24.87529109,"test":[12.25355482]},
{"learn":[11.6450622],"iteration":9,"passed_time":0.4400260691,"remaining_time":23.76140773,"test":[12.06226326]},
{"learn":[11.44932134],"iteration":10,"passed_time":0.461777381,"remaining_time":22.62709167,"test":[11.86310238]},
{"learn":[11.25984068],"iteration":11,"passed_time":0.4821776072,"remaining_time":21.61762939,"test":[11.67016298]},
{"learn":[11.07646846],"iteration":12,"passed_time":0.5032091964,"remaining_time":20.78641065,"test":[11.48329308]},
{"learn":[10.89905544],"iteration":13,"passed_time":0.5238670574,"remaining_time":20.05662448,"test":[11.30234338]},
{"learn":[10.72942801],"iteration":14,"passed_time":0.5500884161,"remaining_time":19.61982017,"test":[11.13438525]},
{"learn":[10.56630775],"iteration":15,"passed_time":0.5817528086,"remaining_time":19.41599999,"test":[10.97378687]},
{"learn":[10.40698098],"iteration":16,"passed_time":0.6073861856,"remaining_time":19.04334335,"test":[10.81623957]},
{"learn":[10.25271878],"iteration":17,"passed_time":0.63298121,"remaining_time":18.70811132,"test":[10.66374598]},
{"learn":[10.10192452],"iteration":18,"passed_time":0.6545096252,"remaining_time":18.29182163,"test":[10.50949199]},
{"learn":[9.957530772],"iteration":19,"passed_time":0.682038425,"remaining_time":18.07401826,"test":[10.36691827]},
{"learn":[9.816668512],"iteration":20,"passed_time":0.7026197908,"remaining_time":17.69932711,"test":[10.22256092]},
{"learn":[9.680026897],"iteration":21,"passed_time":0.741260201,"remaining_time":17.79024482,"test":[10.09287307]},
{"learn":[9.548436739],"iteration":22,"passed_time":0.7633969456,"remaining_time":17.4917474,"test":[9.95788673]},
{"learn":[9.422155802],"iteration":23,"passed_time":0.7899062401,"remaining_time":17.31211176,"test":[9.833624667]},
{"learn":[9.297541766],"iteration":24,"passed_time":0.8170641399,"remaining_time":17.15834694,"test":[9.710489966]},
{"learn":[9.179151212],"iteration":25,"passed_time":0.843506782,"remaining_time":16.99990591,"test":[9.588758176]},
{"learn":[9.064565435],"iteration":26,"passed_time":0.8690194263,"remaining_time":16.83322815,"test":[9.477216377]},
{"learn":[8.954249386],"iteration":27,"passed_time":0.9148480403,"remaining_time":17.05538132,"test":[9.370999565]},
{"learn":[8.847786871],"iteration":28,"passed_time":0.9410661774,"remaining_time":16.90674063,"test":[9.261257074]},
{"learn":[8.745240271],"iteration":29,"passed_time":0.963814458,"remaining_time":16.70611727,"test":[9.155400268]},
{"learn":[8.64626786],"iteration":30,"passed_time":0.9989545535,"remaining_time":16.72443269,"test":[9.058773139]},
{"learn":[8.54795507],"iteration":31,"passed_time":1.039707093,"remaining_time":16.83025857,"test":[8.965702454]},
{"learn":[8.453712468],"iteration":32,"passed_time":1.07709195,"remaining_time":16.87444056,"test":[8.873834679]},
{"learn":[8.362871686],"iteration":33,"passed_time":1.105641341,"remaining_time":16.7797333,"test":[8.784874294]},
{"learn":[8.276892784],"iteration":34,"passed_time":1.134476265,"remaining_time":16.6930079,"test":[8.701348797]},
{"learn":[8.194574262],"iteration":35,"passed_time":1.156417899,"remaining_time":16.51107778,"test":[8.615860306]},
{"learn":[8.115436845],"iteration":36,"passed_time":1.177305387,"remaining_time":16.32318009,"test":[8.533531343]},
{"learn":[8.034062275],"iteration":37,"passed_time":1.204563581,"remaining_time":16.2299093,"test":[8.452261479]},
{"learn":[7.959924563],"iteration":38,"passed_time":1.231420503,"remaining_time":16.13476607,"test":[8.380703957]},
{"learn":[7.887794977],"iteration":39,"passed_time":1.263353943,"remaining_time":16.10776277,"test":[8.312519046]},
{"learn":[7.819835876],"iteration":40,"passed_time":1.284468151,"remaining_time":15.94620217,"test":[8.241466961]},
{"learn":[7.752416456],"iteration":41,"passed_time":1.311196385,"remaining_time":15.85923246,"test":[8.176199222]},
{"learn":[7.688529036],"iteration":42,"passed_time":1.338689676,"remaining_time":15.78408525,"test":[8.114982985]},
{"learn":[7.62573678],"iteration":43,"passed_time":1.366930757,"remaining_time":15.7197037,"test":[8.057747627]},
{"learn":[7.562952924],"iteration":44,"passed_time":1.399701883,"remaining_time":15.70776557,"test":[7.995310366]},
{"learn":[7.505642148],"iteration":45,"passed_time":1.438501437,"remaining_time":15.76097226,"test":[7.944083147]},
{"learn":[7.449873553],"iteration":46,"passed_time":1.470754241,"remaining_time":15.74019964,"test":[7.893499418]},
{"learn":[7.39820948],"iteration":47,"passed_time":1.491582413,"remaining_time":15.59946606,"test":[7.839062652]},
{"learn":[7.348688545],"iteration":48,"passed_time":1.511804706,"remaining_time":15.45743179,"test":[7.786762989]},
{"learn":[7.296407049],"iteration":49,"passed_time":1.537847203,"remaining_time":15.37847203,"test":[7.735159985]},
{"learn":[7.249298906],"iteration":50,"passed_time":1.563663522,"remaining_time":15.29937446,"test":[7.690897003]},
{"learn":[7.203426819],"iteration":51,"passed_time":1.595110049,"remaining_time":15.27624624,"test":[7.65411622]},
{"learn":[7.161471118],"iteration":52,"passed_time":1.615902795,"remaining_time":15.15289979,"test":[7.609435987]},
{"learn":[7.121298882],"iteration":53,"passed_time":1.63629626,"remaining_time":15.02968417,"test":[7.566541334]},
{"learn":[7.082842214],"iteration":54,"passed_time":1.657620214,"remaining_time":14.91858192,"test":[7.525366522]},
{"learn":[7.046035199],"iteration":55,"passed_time":1.678374941,"remaining_time":14.80566466,"test":[7.485847737]},
{"learn":[7.010813895],"iteration":56,"passed_time":1.698990959,"remaining_time":14.69478145,"test":[7.447923068]},
{"learn":[6.97711631],"iteration":57,"passed_time":1.719597919,"remaining_time":14.58693407,"test":[7.411532485]},
{"learn":[6.943395577],"iteration":58,"passed_time":1.745411177,"remaining_time":14.52537098,"test":[7.376314448]},
{"learn":[6.912520902],"iteration":59,"passed_time":1.765271785,"remaining_time":14.41638624,"test":[7.342791053]},
{"learn":[6.878764466],"iteration":60,"passed_time":1.796902747,"remaining_time":14.4046794,"test":[7.310831463]},
{"learn":[6.845617114],"iteration":61,"passed_time":1.823571782,"remaining_time":14.35327467,"test":[7.278815645]},
{"learn":[6.816333227],"iteration":62,"passed_time":1.851160067,"remaining_time":14.30976116,"test":[7.252646853]},
{"learn":[6.785722618],"iteration":63,"passed_time":1.884885502,"remaining_time":14.31334928,"test":[7.226318872]},
{"learn":[6.756461275],"iteration":64,"passed_time":1.922753008,"remaining_time":14.34669552,"test":[7.199000623]},
{"learn":[6.730473943],"iteration":65,"passed_time":1.949083577,"remaining_time":14.29327956,"test":[7.176063176]},
{"learn":[6.703231155],"iteration":66,"passed_time":1.974867459,"remaining_time":14.23673109,"test":[7.150703631]},
{"learn":[6.68032173],"iteration":67,"passed_time":1.9961774,"remaining_time":14.1493751,"test":[7.131190944]},
{"learn":[6.657294274],"iteration":68,"passed_time":2.028132531,"remaining_time":14.13814127,"test":[7.111196487]},
{"learn":[6.635211359],"iteration":69,"passed_time":2.056021506,"remaining_time":14.09843318,"test":[7.092068926]},
{"learn":[6.614036358],"iteration":70,"passed_time":2.084792122,"remaining_time":14.06500601,"test":[7.0737734]},
{"learn":[6.595717306],"iteration":71,"passed_time":2.105843394,"remaining_time":13.98046031,"test":[7.053148728]},
{"learn":[6.575647368],"iteration":72,"passed_time":2.128409296,"remaining_time":13.90755115,"test":[7.036480199]},
{"learn":[6.556456422],"iteration":73,"passed_time":2.160779616,"remaining_time":13.89906888,"test":[7.024363963]},
{"learn":[6.53744885],"iteration":74,"passed_time":2.192561454,"remaining_time":13.88622254,"test":[7.011432169]},
{"learn":[6.520256839],"iteration":75,"passed_time":2.218315984,"remaining_time":13.83528653,"test":[6.996878718]},
{"learn":[6.505585797],"iteration":76,"passed_time":2.238319974,"remaining_time":13.74967984,"test":[6.980032034]},
{"learn":[6.491584385],"iteration":77,"passed_time":2.258584828,"remaining_time":13.66733383,"test":[6.963882081]},
{"learn":[6.474006549],"iteration":78,"passed_time":2.290264782,"remaining_time":13.65461661,"test":[6.949245575]},
{"learn":[6.457293621],"iteration":79,"passed_time":2.329359124,"remaining_time":13.68498486,"test":[6.941183202]},
{"learn":[6.443218943],"iteration":80,"passed_time":2.358557174,"remaining_time":13.65633722,"test":[6.929743078]},
{"learn":[6.429316932],"iteration":81,"passed_time":2.39138424,"remaining_time":13.6483881,"test":[6.922172301]},
{"learn":[6.41354274],"iteration":82,"passed_time":2.428344624,"remaining_time":13.66309566,"test":[6.909739494]},
{"learn":[6.398431809],"iteration":83,"passed_time":2.460828117,"remaining_time":13.65173693,"test":[6.899438027]},
{"learn":[6.384599618],"iteration":84,"passed_time":2.488604698,"remaining_time":13.61413158,"test":[6.887408147]},
{"learn":[6.373127061],"iteration":85,"passed_time":2.515986326,"remaining_time":13.5746239,"test":[6.878369372]},
{"learn":[6.362089919],"iteration":86,"passed_time":2.550446042,"remaining_time":13.57306342,"test":[6.870640517]},
{"learn":[6.351509731],"iteration":87,"passed_time":2.577744803,"remaining_time":13.53316022,"test":[6.862472687]},
{"learn":[6.341749119],"iteration":88,"passed_time":2.605255557,"remaining_time":13.49463833,"test":[6.854888353]},
{"learn":[6.329657403],"iteration":89,"passed_time":2.644183516,"remaining_time":13.51471575,"test":[6.847744134]},
{"learn":[6.320287906],"iteration":90,"passed_time":2.671412459,"remaining_time":13.47448702,"test":[6.840720351]},
{"learn":[6.310906532],"iteration":91,"passed_time":2.692913558,"remaining_time":13.40602619,"test":[6.834059051]},
{"learn":[6.303761582],"iteration":92,"passed_time":2.714275159,"remaining_time":13.33788976,"test":[6.825182065]},
{"learn":[6.293427782],"iteration":93,"passed_time":2.747001047,"remaining_time":13.32587742,"test":[6.818728376]},
{"learn":[6.285094567],"iteration":94,"passed_time":2.768818692,"remaining_time":13.26118426,"test":[6.813034329]},
{"learn":[6.275528985],"iteration":95,"passed_time":2.809146568,"remaining_time":13.28492231,"test":[6.808752664]},
{"learn":[6.266164958],"iteration":96,"passed_time":2.837133589,"remaining_time":13.24970635,"test":[6.803248844]},
{"learn":[6.260437186],"iteration":97,"passed_time":2.859769135,"remaining_time":13.1899556,"test":[6.795939053]},
{"learn":[6.254975684],"iteration":98,"passed_time":2.882975239,"remaining_time":13.13355387,"test":[6.788923733]},
{"learn":[6.247975343],"iteration":99,"passed_time":2.921981879,"remaining_time":13.14891846,"test":[6.786937476]},
{"learn":[6.241035258],"iteration":100,"passed_time":2.961492066,"remaining_time":13.16544493,"test":[6.785212855]},
{"learn":[6.235283182],"iteration":101,"passed_time":2.986129133,"remaining_time":13.11554757,"test":[6.780634077]},
{"learn":[6.229470773],"iteration":102,"passed_time":3.015591215,"remaining_time":13.08708032,"test":[6.776945489]},
{"learn":[6.2233484],"iteration":103,"passed_time":3.055491255,"remaining_time":13.10335673,"test":[6.77500807]},
{"learn":[6.217997861],"iteration":104,"passed_time":3.08525881,"remaining_time":13.07562067,"test":[6.771697964]},
{"learn":[6.211520075],"iteration":105,"passed_time":3.115284075,"remaining_time":13.04892575,"test":[6.76688127]},
{"learn":[6.207720932],"iteration":106,"passed_time":3.136967059,"remaining_time":12.98762997,"test":[6.761748407]},
{"learn":[6.204098325],"iteration":107,"passed_time":3.158182933,"remaining_time":12.92515608,"test":[6.756818044]},
{"learn":[6.200017239],"iteration":108,"passed_time":3.18581841,"remaining_time":12.8894121,"test":[6.752331154]},
{"learn":[6.196718659],"iteration":109,"passed_time":3.206837222,"remaining_time":12.82734889,"test":[6.747778112]},
{"learn":[6.191643342],"iteration":110,"passed_time":3.235743431,"remaining_time":12.79721951,"test":[6.747360383]},
{"learn":[6.188342565],"iteration":111,"passed_time":3.263472756,"remaining_time":12.76250953,"test":[6.745783864]},
{"learn":[6.184338958],"iteration":112,"passed_time":3.291129163,"remaining_time":12.7276411,"test":[6.743871158]},
{"learn":[6.181599347],"iteration":113,"passed_time":3.311989661,"remaining_time":12.66690783,"test":[6.739967217]},
{"learn":[6.177878739],"iteration":114,"passed_time":3.338656468,"remaining_time":12.62883099,"test":[6.73831799]},
{"learn":[6.175101334],"iteration":115,"passed_time":3.365598957,"remaining_time":12.5919823,"test":[6.737216213]},
{"learn":[6.170004757],"iteration":116,"passed_time":3.399286357,"remaining_time":12.58026489,"test":[6.735717675]},
{"learn":[6.167721357],"iteration":117,"passed_time":3.420315377,"remaining_time":12.52183257,"test":[6.732358234]},
{"learn":[6.162932103],"iteration":118,"passed_time":3.454628959,"remaining_time":12.51214354,"test":[6.731123639]},
{"learn":[6.160843994],"iteration":119,"passed_time":3.476255714,"remaining_time":12.45658298,"test":[6.728005462]},
{"learn":[6.158852192],"iteration":120,"passed_time":3.502004339,"remaining_time":12.4161972,"test":[6.725005594]},
{"learn":[6.155689592],"iteration":121,"passed_time":3.523521263,"remaining_time":12.36120574,"test":[6.724197869]},
{"learn":[6.15232325],"iteration":122,"passed_time":3.550371514,"remaining_time":12.32527347,"test":[6.724814414]},
{"learn":[6.149625153],"iteration":123,"passed_time":3.576632911,"remaining_time":12.28746468,"test":[6.724084997]},
{"learn":[6.147036233],"iteration":124,"passed_time":3.602380153,"remaining_time":12.24809252,"test":[6.723420451]},
{"learn":[6.144552],"iteration":125,"passed_time":3.629492361,"remaining_time":12.21352985,"test":[6.722817442]},
{"learn":[6.142304037],"iteration":126,"passed_time":3.656783342,"remaining_time":12.17967995,"test":[6.722199002]},
{"learn":[6.140400252],"iteration":127,"passed_time":3.683931636,"remaining_time":12.14546211,"test":[6.720155733]},
{"learn":[6.138782584],"iteration":128,"passed_time":3.710647375,"remaining_time":12.10994221,"test":[6.720112308]},
{"learn":[6.13515583],"iteration":129,"passed_time":3.743696772,"remaining_time":12.09502034,"test":[6.719847967]},
{"learn":[6.13250712],"iteration":130,"passed_time":3.77561436,"remaining_time":12.07620166,"test":[6.72167156]},
{"learn":[6.131317197],"iteration":131,"passed_time":3.801399782,"remaining_time":12.03776598,"test":[6.719615517]},
{"learn":[6.130156097],"iteration":132,"passed_time":3.821224533,"remaining_time":11.98083181,"test":[6.717669468]},
{"learn":[6.126872711],"iteration":133,"passed_time":3.853052966,"remaining_time":11.96171667,"test":[6.717678096]},
{"learn":[6.125808815],"iteration":134,"passed_time":3.875119331,"remaining_time":11.91240387,"test":[6.715864216]},
{"learn":[6.124007469],"iteration":135,"passed_time":3.902207175,"remaining_time":11.87877772,"test":[6.715901228]},
{"learn":[6.120969637],"iteration":136,"passed_time":3.935072818,"remaining_time":11.86266477,"test":[6.716072004]},
{"learn":[6.119843524],"iteration":137,"passed_time":3.962867915,"remaining_time":11.83117088,"test":[6.71644721]},
{"learn":[6.118217203],"iteration":138,"passed_time":3.989876433,"remaining_time":11.79740442,"test":[6.716604506]},
{"learn":[6.116655204],"iteration":139,"passed_time":4.017265597,"remaining_time":11.76484925,"test":[6.716786915]},
{"learn":[6.115154919],"iteration":140,"passed_time":4.047911527,"remaining_time":11.74181429,"test":[6.716992814]},
{"learn":[6.112718825],"iteration":141,"passed_time":4.07554524,"remaining_time":11.71001731,"test":[6.716400855]},
{"learn":[6.111968284],"iteration":142,"passed_time":4.098206052,"remaining_time":11.66412492,"test":[6.715019746]},
{"learn":[6.110450209],"iteration":143,"passed_time":4.119967651,"remaining_time":11.6160199,"test":[6.715423445]},
{"learn":[6.108994493],"iteration":144,"passed_time":4.140842475,"remaining_time":11.56580139,"test":[6.715843778]},
{"learn":[6.105711497],"iteration":145,"passed_time":4.179714274,"remaining_time":11.5657847,"test":[6.71368411]},
{"learn":[6.105085111],"iteration":146,"passed_time":4.204073387,"remaining_time":11.52545289,"test":[6.712474715]},
{"learn":[6.103768478],"iteration":147,"passed_time":4.224543229,"remaining_time":11.47477282,"test":[6.712972916]},
{"learn":[6.103195491],"iteration":148,"passed_time":4.244907429,"remaining_time":11.42421395,"test":[6.711841633]},
{"learn":[6.102647733],"iteration":149,"passed_time":4.265572391,"remaining_time":11.37485971,"test":[6.710748836]},
{"learn":[6.101433053],"iteration":150,"passed_time":4.286452553,"remaining_time":11.3264541,"test":[6.711332338]},
{"learn":[6.100389766],"iteration":151,"passed_time":4.312806716,"remaining_time":11.2927439,"test":[6.711837483]},
{"learn":[6.098586108],"iteration":152,"passed_time":4.339601345,"remaining_time":11.26027277,"test":[6.712098081]},
{"learn":[6.098126955],"iteration":153,"passed_time":4.360679346,"remaining_time":11.21317546,"test":[6.711143776]},
{"learn":[6.097052501],"iteration":154,"passed_time":4.381541095,"remaining_time":11.16586279,"test":[6.711807129]},
{"learn":[6.093998344],"iteration":155,"passed_time":4.414869943,"remaining_time":11.15037665,"test":[6.708994917]},
{"learn":[6.092748529],"iteration":156,"passed_time":4.442058144,"remaining_time":11.11929204,"test":[6.710735205]},
{"learn":[6.091040352],"iteration":157,"passed_time":4.470536548,"remaining_time":11.09145776,"test":[6.710814257]},
{"learn":[6.089124808],"iteration":158,"passed_time":4.498600997,"remaining_time":11.06259742,"test":[6.711694726]},
{"learn":[6.088200267],"iteration":159,"passed_time":4.532451025,"remaining_time":11.04784937,"test":[6.713752743]},
{"learn":[6.087317658],"iteration":160,"passed_time":4.554684751,"remaining_time":11.00479732,"test":[6.714479164]},
{"learn":[6.085803733],"iteration":161,"passed_time":4.585456629,"remaining_time":10.98245168,"test":[6.714670963]},
{"learn":[6.083893553],"iteration":162,"passed_time":4.629573503,"remaining_time":10.99168678,"test":[6.715889463]},
{"learn":[6.082852243],"iteration":163,"passed_time":4.67209105,"remaining_time":10.99650698,"test":[6.71812603]},
{"learn":[6.082438971],"iteration":164,"passed_time":4.696394143,"remaining_time":10.958253,"test":[6.719063535]},
{"learn":[6.081772768],"iteration":165,"passed_time":4.729055945,"remaining_time":10.93950291,"test":[6.719739586]},
{"learn":[6.081507688],"iteration":166,"passed_time":4.751500547,"remaining_time":10.89715395,"test":[6.71910411]},
{"learn":[6.081126586],"iteration":167,"passed_time":4.779509496,"remaining_time":10.86769421,"test":[6.720086361]},
{"learn":[6.080505892],"iteration":168,"passed_time":4.815206444,"remaining_time":10.85558376,"test":[6.720799229]},
{"learn":[6.08014913],"iteration":169,"passed_time":4.848772676,"remaining_time":10.83843304,"test":[6.721791976]},
{"learn":[6.078585544],"iteration":170,"passed_time":4.881093091,"remaining_time":10.81832913,"test":[6.722812893]},
{"learn":[6.078253092],"iteration":171,"passed_time":4.910780126,"remaining_time":10.79229586,"test":[6.723806972]},
{"learn":[6.076997128],"iteration":172,"passed_time":4.938228273,"remaining_time":10.76134138,"test":[6.724236448]},
{"learn":[6.075798516],"iteration":173,"passed_time":4.966065663,"remaining_time":10.73126833,"test":[6.724682185]},
{"learn":[6.075608414],"iteration":174,"passed_time":4.990180024,"remaining_time":10.69324291,"test":[6.724188291]},
{"learn":[6.073925634],"iteration":175,"passed_time":5.02665201,"remaining_time":10.68163552,"test":[6.726848186]},
{"learn":[6.073331305],"iteration":176,"passed_time":5.05150174,"remaining_time":10.64525508,"test":[6.727733066]},
{"learn":[6.073060169],"iteration":177,"passed_time":5.08228291,"remaining_time":10.62140024,"test":[6.728746687]},
{"learn":[6.071960015],"iteration":178,"passed_time":5.110464439,"remaining_time":10.59207993,"test":[6.729274007]},
{"learn":[6.070681696],"iteration":179,"passed_time":5.138289904,"remaining_time":10.56204036,"test":[6.730415596]},
{"learn":[6.070533461],"iteration":180,"passed_time":5.160057671,"remaining_time":10.51967558,"test":[6.730006849]},
{"learn":[6.070307885],"iteration":181,"passed_time":5.182187098,"remaining_time":10.47826842,"test":[6.731013165]},
{"learn":[6.070171306],"iteration":182,"passed_time":5.205238742,"remaining_time":10.43892141,"test":[6.730630263]},
{"learn":[6.069531846],"iteration":183,"passed_time":5.2330345,"remaining_time":10.40918819,"test":[6.730809551]},
{"learn":[6.069404988],"iteration":184,"passed_time":5.256306928,"remaining_time":10.37055151,"test":[6.730446841]},
{"learn":[6.067191929],"iteration":185,"passed_time":5.30310402,"remaining_time":10.37811755,"test":[6.72835547]},
{"learn":[6.066252714],"iteration":186,"passed_time":5.332542717,"remaining_time":10.35140645,"test":[6.728974006]},
{"learn":[6.065708945],"iteration":187,"passed_time":5.366780013,"remaining_time":10.3339062,"test":[6.730647177]},
{"learn":[6.065599453],"iteration":188,"passed_time":5.389308128,"remaining_time":10.29386367,"test":[6.730324132]},
{"learn":[6.065418308],"iteration":189,"passed_time":5.411400825,"remaining_time":10.25318051,"test":[6.731364485]},
{"learn":[6.06455025],"iteration":190,"passed_time":5.440202406,"remaining_time":10.2253019,"test":[6.732014905]},
{"learn":[6.06400359],"iteration":191,"passed_time":5.467455714,"remaining_time":10.1945268,"test":[6.733858096]},
{"learn":[6.063576836],"iteration":192,"passed_time":5.490426583,"remaining_time":10.15586679,"test":[6.734794406]},
{"learn":[6.063222764],"iteration":193,"passed_time":5.520212307,"remaining_time":10.12987413,"test":[6.735627919]},
{"learn":[6.063045895],"iteration":194,"passed_time":5.547653501,"remaining_time":10.09957432,"test":[6.734637696]},
{"learn":[6.06258498],"iteration":195,"passed_time":5.587753948,"remaining_time":10.09216785,"test":[6.73661389]},
{"learn":[6.062204092],"iteration":196,"passed_time":5.610567702,"remaining_time":10.0534538,"test":[6.737524287]},
{"learn":[6.06198658],"iteration":197,"passed_time":5.631768397,"remaining_time":10.01203271,"test":[6.738471102]},
{"learn":[6.061612536],"iteration":198,"passed_time":5.665031619,"remaining_time":9.992090946,"test":[6.740372553]},
{"learn":[6.061263742],"iteration":199,"passed_time":5.685928806,"remaining_time":9.95037541,"test":[6.741264976]},
{"learn":[6.060053373],"iteration":200,"passed_time":5.7236878,"remaining_time":9.938144489,"test":[6.741809639]},
{"learn":[6.059394454],"iteration":201,"passed_time":5.748812471,"remaining_time":9.903894752,"test":[6.742422593]},
{"learn":[6.057861021],"iteration":202,"passed_time":5.792833934,"remaining_time":9.90203633,"test":[6.741694064]},
{"learn":[6.057795589],"iteration":203,"passed_time":5.816822124,"remaining_time":9.865786544,"test":[6.741484843]},
{"learn":[6.057600505],"iteration":204,"passed_time":5.847378852,"remaining_time":9.840710751,"test":[6.742213663]},
{"learn":[6.056744342],"iteration":205,"passed_time":5.884852675,"remaining_time":9.827132622,"test":[6.743002781]},
{"learn":[6.056422816],"iteration":206,"passed_time":5.92118831,"remaining_time":9.811437635,"test":[6.744856238]},
{"learn":[6.055786025],"iteration":207,"passed_time":5.951001842,"remaining_time":9.784820337,"test":[6.745578255]},
{"learn":[6.055048307],"iteration":208,"passed_time":5.988734854,"remaining_time":9.771093709,"test":[6.746726624]},
{"learn":[6.054923081],"iteration":209,"passed_time":6.020818866,"remaining_time":9.747992449,"test":[6.747762102]},
{"learn":[6.054183274],"iteration":210,"passed_time":6.051873316,"remaining_time":9.723151915,"test":[6.748466362]},
{"learn":[6.053706558],"iteration":211,"passed_time":6.076950196,"remaining_time":9.688722482,"test":[6.749084417]},
{"learn":[6.05342197],"iteration":212,"passed_time":6.111860797,"remaining_time":9.669939383,"test":[6.750865007]},
{"learn":[6.052740065],"iteration":213,"passed_time":6.141518621,"remaining_time":9.642758209,"test":[6.751576546]},
{"learn":[6.052628143],"iteration":214,"passed_time":6.167701306,"remaining_time":9.610139244,"test":[6.752319569]},
{"learn":[6.052364464],"iteration":215,"passed_time":6.205032294,"remaining_time":9.594818455,"test":[6.753587246]},
{"learn":[6.052168626],"iteration":216,"passed_time":6.236200182,"remaining_time":9.569837146,"test":[6.752476078]},
{"learn":[6.05167305],"iteration":217,"passed_time":6.26560658,"remaining_time":9.542116442,"test":[6.753195586]},
{"learn":[6.051585327],"iteration":218,"passed_time":6.289143464,"remaining_time":9.505509072,"test":[6.754192553]},
{"learn":[6.050968228],"iteration":219,"passed_time":6.334653042,"remaining_time":9.501979562,"test":[6.756085409]},
{"learn":[6.05092743],"iteration":220,"passed_time":6.357866348,"remaining_time":9.464877957,"test":[6.755955544]},
{"learn":[6.050461523],"iteration":221,"passed_time":6.395839841,"remaining_time":9.449709314,"test":[6.756965546]},
{"learn":[6.050364576],"iteration":222,"passed_time":6.434345266,"remaining_time":9.435116152,"test":[6.757952309]},
{"learn":[6.049320066],"iteration":223,"passed_time":6.472014994,"remaining_time":9.41909325,"test":[6.756924319]},
{"learn":[6.048770487],"iteration":224,"passed_time":6.510434561,"remaining_time":9.403961033,"test":[6.758039505]},
{"learn":[6.048527748],"iteration":225,"passed_time":6.579605887,"remaining_time":9.432709325,"test":[6.759363819]},
{"learn":[6.048492356],"iteration":226,"passed_time":6.627536537,"remaining_time":9.430371372,"test":[6.759252359]},
{"learn":[6.0480931],"iteration":227,"passed_time":6.678818357,"remaining_time":9.432366277,"test":[6.760271842]},
{"learn":[6.04767624],"iteration":228,"passed_time":6.716801264,"remaining_time":9.415254173,"test":[6.760078715]},
{"learn":[6.04727633],"iteration":229,"passed_time":6.753815048,"remaining_time":9.396612241,"test":[6.759894117]},
{"learn":[6.047244173],"iteration":230,"passed_time":6.78444694,"remaining_time":9.368998155,"test":[6.759792588]},
{"learn":[6.047051361],"iteration":231,"passed_time":6.808372464,"remaining_time":9.332165704,"test":[6.760597803]},
{"learn":[6.046112945],"iteration":232,"passed_time":6.845970042,"remaining_time":9.314045079,"test":[6.759642565]},
{"learn":[6.046082964],"iteration":233,"passed_time":6.872594568,"remaining_time":9.280939673,"test":[6.759548437]},
{"learn":[6.045715446],"iteration":234,"passed_time":6.908216667,"remaining_time":9.259950001,"test":[6.760563024]},
{"learn":[6.045341918],"iteration":235,"passed_time":6.940599228,"remaining_time":9.234526091,"test":[6.761279]},
{"learn":[6.04500794],"iteration":236,"passed_time":6.998367799,"remaining_time":9.242570131,"test":[6.76102917]},
{"learn":[6.044706211],"iteration":237,"passed_time":7.033593315,"remaining_time":9.220508883,"test":[6.761650546]},
{"learn":[6.044540031],"iteration":238,"passed_time":7.067500165,"remaining_time":9.196621554,"test":[6.760631677]},
{"learn":[6.044379878],"iteration":239,"passed_time":7.102639508,"remaining_time":9.174242698,"test":[6.759634898]},
{"learn":[6.044029614],"iteration":240,"passed_time":7.157246005,"remaining_time":9.176717907,"test":[6.76070808]},
{"learn":[6.043692534],"iteration":241,"passed_time":7.186405853,"remaining_time":9.146334722,"test":[6.76141204]},
{"learn":[6.043667231],"iteration":242,"passed_time":7.213265521,"remaining_time":9.113055617,"test":[6.761336986]},
{"learn":[6.043399651],"iteration":243,"passed_time":7.23844809,"remaining_time":9.077725883,"test":[6.761946143]},
{"learn":[6.043336165],"iteration":244,"passed_time":7.267161054,"remaining_time":9.046873965,"test":[6.762932393]},
{"learn":[6.043125771],"iteration":245,"passed_time":7.305469075,"remaining_time":9.027896743,"test":[6.764429647]},
{"learn":[6.042624225],"iteration":246,"passed_time":7.352899366,"remaining_time":9.019953473,"test":[6.766164309]},
{"learn":[6.042314618],"iteration":247,"passed_time":7.384534311,"remaining_time":8.992457105,"test":[6.76686313]},
{"learn":[6.042256595],"iteration":248,"passed_time":7.409835495,"remaining_time":8.95727102,"test":[6.767820245]},
{"learn":[6.041827817],"iteration":249,"passed_time":7.441320946,"remaining_time":8.929585135,"test":[6.76881611]},
{"learn":[6.041759142],"iteration":250,"passed_time":7.470553833,"remaining_time":8.899185642,"test":[6.769761664]},
{"learn":[6.041737715],"iteration":251,"passed_time":7.495871134,"remaining_time":8.864165072,"test":[6.769703844]},
{"learn":[6.041408747],"iteration":252,"passed_time":7.533825626,"remaining_time":8.844056169,"test":[6.769475522]},
{"learn":[6.041388076],"iteration":253,"passed_time":7.55713717,"remaining_time":8.806742528,"test":[6.769419738]},
{"learn":[6.040917367],"iteration":254,"passed_time":7.600136982,"remaining_time":8.792315332,"test":[6.771090015]},
{"learn":[6.040614964],"iteration":255,"passed_time":7.630642432,"remaining_time":8.763315918,"test":[6.770878637]},
{"learn":[6.040328464],"iteration":256,"passed_time":7.660991362,"remaining_time":8.734126338,"test":[6.77157585]},
{"learn":[6.040263332],"iteration":257,"passed_time":7.692513109,"remaining_time":8.706255147,"test":[6.772518382]},
{"learn":[6.040156234],"iteration":258,"passed_time":7.722954978,"remaining_time":8.677142466,"test":[6.773147796]},
{"learn":[6.04000326],"iteration":259,"passed_time":7.75521286,"remaining_time":8.650045113,"test":[6.772165297]},
{"learn":[6.039738909],"iteration":260,"passed_time":7.792462814,"remaining_time":8.628435836,"test":[6.771873261]},
{"learn":[6.039597114],"iteration":261,"passed_time":7.820937502,"remaining_time":8.597061071,"test":[6.770933]},
{"learn":[6.039330835],"iteration":262,"passed_time":7.849651728,"remaining_time":8.565969757,"test":[6.770747009]},
{"learn":[6.039075467],"iteration":263,"passed_time":7.88426539,"remaining_time":8.541287506,"test":[6.770567583]},
{"learn":[6.039058144],"iteration":264,"passed_time":7.905917974,"remaining_time":8.502591028,"test":[6.770520624]},
{"learn":[6.038813531],"iteration":265,"passed_time":7.938555947,"remaining_time":8.475751462,"test":[6.770347891]},
{"learn":[6.038594541],"iteration":266,"passed_time":7.975705908,"remaining_time":8.453650832,"test":[6.770104777]},
{"learn":[6.03847745],"iteration":267,"passed_time":8.007521826,"remaining_time":8.425825205,"test":[6.76926298]},
{"learn":[6.038225822],"iteration":268,"passed_time":8.042471351,"remaining_time":8.401243307,"test":[6.770342407]},
{"learn":[6.037945701],"iteration":269,"passed_time":8.074520372,"remaining_time":8.373576682,"test":[6.771051452]},
{"learn":[6.037890807],"iteration":270,"passed_time":8.098513106,"remaining_time":8.337583603,"test":[6.772031822]},
{"learn":[6.037624098],"iteration":271,"passed_time":8.130121967,"remaining_time":8.309462893,"test":[6.772731952]},
{"learn":[6.037501289],"iteration":272,"passed_time":8.161831363,"remaining_time":8.281418636,"test":[6.771867271]},
{"learn":[6.037285113],"iteration":273,"passed_time":8.18885252,"remaining_time":8.248625166,"test":[6.772483473]},
{"learn":[6.037059354],"iteration":274,"passed_time":8.222875376,"remaining_time":8.222875376,"test":[6.772298739]},
{"learn":[6.036810219],"iteration":275,"passed_time":8.257482542,"remaining_time":8.197645712,"test":[6.77298467]},
{"learn":[6.036442872],"iteration":276,"passed_time":8.298889371,"remaining_time":8.179049813,"test":[6.77455422]},
{"learn":[6.036233463],"iteration":277,"passed_time":8.3284637,"remaining_time":8.148712685,"test":[6.774367667]},
{"learn":[6.035991183],"iteration":278,"passed_time":8.358010293,"remaining_time":8.118354084,"test":[6.775050332]},
{"learn":[6.035798321],"iteration":279,"passed_time":8.380682117,"remaining_time":8.081372041,"test":[6.775646416]},
{"learn":[6.035717929],"iteration":280,"passed_time":8.403835316,"remaining_time":8.044952669,"test":[6.776233911]},
{"learn":[6.035358637],"iteration":281,"passed_time":8.439197344,"remaining_time":8.0202301,"test":[6.777831153]},
{"learn":[6.035284634],"iteration":282,"passed_time":8.461670131,"remaining_time":7.98327182,"test":[6.778395962]},
{"learn":[6.035062891],"iteration":283,"passed_time":8.492314817,"remaining_time":7.954069512,"test":[6.779061343]},
{"learn":[6.034717771],"iteration":284,"passed_time":8.529788919,"remaining_time":7.93120724,"test":[6.780620962]},
{"learn":[6.034503776],"iteration":285,"passed_time":8.560342534,"remaining_time":7.901854647,"test":[6.781280274]},
{"learn":[6.034179241],"iteration":286,"passed_time":8.606362934,"remaining_time":7.886667079,"test":[6.782737489]},
{"learn":[6.033972508],"iteration":287,"passed_time":8.637071559,"remaining_time":7.857335933,"test":[6.783390579]},
{"learn":[6.033959872],"iteration":288,"passed_time":8.661254281,"remaining_time":7.822101617,"test":[6.783364574]},
{"learn":[6.032533827],"iteration":289,"passed_time":8.705525548,"remaining_time":7.804953939,"test":[6.782123966]},
{"learn":[6.0322252],"iteration":290,"passed_time":8.751394033,"remaining_time":7.789041425,"test":[6.783557923]},
{"learn":[6.032034748],"iteration":291,"passed_time":8.785262669,"remaining_time":7.762321125,"test":[6.784196667]},
{"learn":[6.031790002],"iteration":292,"passed_time":8.823224489,"remaining_time":7.739142299,"test":[6.785130502]},
{"learn":[6.031732257],"iteration":293,"passed_time":8.847008284,"remaining_time":7.703517417,"test":[6.785636589]},
{"learn":[6.031434689],"iteration":294,"passed_time":8.885273223,"remaining_time":7.680490413,"test":[6.787101418]},
{"learn":[6.031392027],"iteration":295,"passed_time":8.912206588,"remaining_time":7.647636734,"test":[6.788004095]},
{"learn":[6.031263968],"iteration":296,"passed_time":8.947151996,"remaining_time":7.621647996,"test":[6.788790643]},
{"learn":[6.031253073],"iteration":297,"passed_time":8.97746439,"remaining_time":7.591681296,"test":[6.788769258]},
{"learn":[6.031204018],"iteration":298,"passed_time":9.012346244,"remaining_time":7.565548184,"test":[6.789662478]},
{"learn":[6.029928137],"iteration":299,"passed_time":9.064964749,"remaining_time":7.554137291,"test":[6.788389244]},
{"learn":[6.029645742],"iteration":300,"passed_time":9.105105576,"remaining_time":7.532130526,"test":[6.789820617]},
{"learn":[6.029428952],"iteration":301,"passed_time":9.148361253,"remaining_time":7.512561559,"test":[6.790718381]},
{"learn":[6.029287111],"iteration":302,"passed_time":9.180262049,"remaining_time":7.483579954,"test":[6.79050551]},
{"learn":[6.029277111],"iteration":303,"passed_time":9.204670692,"remaining_time":7.448516415,"test":[6.790487053]},
{"learn":[6.029019002],"iteration":304,"passed_time":9.243553477,"remaining_time":7.425149514,"test":[6.791887631]},
{"learn":[6.028972876],"iteration":305,"passed_time":9.274493285,"remaining_time":7.395347587,"test":[6.792762855]},
{"learn":[6.028820132],"iteration":306,"passed_time":9.300135586,"remaining_time":7.361345105,"test":[6.7933458]},
{"learn":[6.02864591],"iteration":307,"passed_time":9.330806729,"remaining_time":7.331348144,"test":[6.793985754]},
{"learn":[6.028601578],"iteration":308,"passed_time":9.356264372,"remaining_time":7.297280626,"test":[6.794440173]},
{"learn":[6.028592193],"iteration":309,"passed_time":9.386606916,"remaining_time":7.267050516,"test":[6.794425469]},
{"learn":[6.028389656],"iteration":310,"passed_time":9.434217928,"remaining_time":7.250090305,"test":[6.795297952]},
{"learn":[6.028147197],"iteration":311,"passed_time":9.472497272,"remaining_time":7.225815227,"test":[6.796643623]},
{"learn":[6.028022033],"iteration":312,"passed_time":9.507687438,"remaining_time":7.199111575,"test":[6.797728807]},
{"learn":[6.02787778],"iteration":313,"passed_time":9.537536233,"remaining_time":7.168339334,"test":[6.798677849]},
{"learn":[6.027838471],"iteration":314,"passed_time":9.558846876,"remaining_time":7.131203225,"test":[6.799109243]},
{"learn":[6.027678515],"iteration":315,"passed_time":9.589736742,"remaining_time":7.101260752,"test":[6.799734752]},
{"learn":[6.027669957],"iteration":316,"passed_time":9.612500898,"remaining_time":7.065339777,"test":[6.799723337]},
{"learn":[6.027650782],"iteration":317,"passed_time":9.634992949,"remaining_time":7.029303032,"test":[6.799531828]},
{"learn":[6.027421386],"iteration":318,"passed_time":9.678182364,"remaining_time":7.008338953,"test":[6.800763053]},
{"learn":[6.02738872],"iteration":319,"passed_time":9.701213584,"remaining_time":6.972747263,"test":[6.801580989]},
{"learn":[6.027168166],"iteration":320,"passed_time":9.745084364,"remaining_time":6.952100683,"test":[6.802789965]},
{"learn":[6.027036065],"iteration":321,"passed_time":9.769352249,"remaining_time":6.917429543,"test":[6.80335329]},
{"learn":[6.027005161],"iteration":322,"passed_time":9.790261861,"remaining_time":6.88046267,"test":[6.804153222]},
{"learn":[6.02699694],"iteration":323,"passed_time":9.811750131,"remaining_time":6.843998548,"test":[6.804145678]},
{"learn":[6.026237368],"iteration":324,"passed_time":9.849225787,"remaining_time":6.818694776,"test":[6.804780643]},
{"learn":[6.02602216],"iteration":325,"passed_time":9.887526822,"remaining_time":6.793883461,"test":[6.806030881]},
{"learn":[6.025896245],"iteration":326,"passed_time":9.91146415,"remaining_time":6.759194206,"test":[6.80658896]},
{"learn":[6.025888265],"iteration":327,"passed_time":9.933588339,"remaining_time":6.723343327,"test":[6.806584293]},
{"learn":[6.025744017],"iteration":328,"passed_time":9.962207813,"remaining_time":6.691938987,"test":[6.807195613]},
{"learn":[6.025683197],"iteration":329,"passed_time":10.00665794,"remaining_time":6.671105294,"test":[6.807911714]},
{"learn":[6.025543901],"iteration":330,"passed_time":10.05650303,"remaining_time":6.65369838,"test":[6.808515813]},
{"learn":[6.025337007],"iteration":331,"passed_time":10.11036849,"remaining_time":6.638735939,"test":[6.809662572]},
{"learn":[6.025133532],"iteration":332,"passed_time":10.15838812,"remaining_time":6.619730396,"test":[6.810859115]},
{"learn":[6.02494142],"iteration":333,"passed_time":10.20557327,"remaining_time":6.600011457,"test":[6.811976447]},
{"learn":[6.024826359],"iteration":334,"passed_time":10.22893461,"remaining_time":6.564838631,"test":[6.812519675]},
{"learn":[6.024635933],"iteration":335,"passed_time":10.26544991,"remaining_time":6.538113928,"test":[6.813682079]},
{"learn":[6.02462858],"iteration":336,"passed_time":10.28773636,"remaining_time":6.50233782,"test":[6.813679088]},
{"learn":[6.024445291],"iteration":337,"passed_time":10.32109982,"remaining_time":6.473589239,"test":[6.814826189]},
{"learn":[6.0243325],"iteration":338,"passed_time":10.34316471,"remaining_time":6.437780984,"test":[6.8153679]},
{"learn":[6.024273707],"iteration":339,"passed_time":10.36966774,"remaining_time":6.404794778,"test":[6.816027122]},
{"learn":[6.024266494],"iteration":340,"passed_time":10.38956376,"remaining_time":6.367797142,"test":[6.81602578]},
{"learn":[6.02339212],"iteration":341,"passed_time":10.42534107,"remaining_time":6.340558313,"test":[6.815240659]},
{"learn":[6.023244407],"iteration":342,"passed_time":10.46428971,"remaining_time":6.315183586,"test":[6.815985104]},
{"learn":[6.02307544],"iteration":343,"passed_time":10.502093,"remaining_time":6.289044062,"test":[6.81710353]},
{"learn":[6.023051764],"iteration":344,"passed_time":10.52955874,"remaining_time":6.256694326,"test":[6.817821608]},
{"learn":[6.023044905],"iteration":345,"passed_time":10.55731746,"remaining_time":6.224545553,"test":[6.817821789]},
{"learn":[6.023038132],"iteration":346,"passed_time":10.58745397,"remaining_time":6.193813128,"test":[6.817821967]},
{"learn":[6.022932643],"iteration":347,"passed_time":10.61173839,"remaining_time":6.159687226,"test":[6.818356519]},
{"learn":[6.022909807],"iteration":348,"passed_time":10.63679164,"remaining_time":6.126060514,"test":[6.819064771]},
{"learn":[6.022746766],"iteration":349,"passed_time":10.67746119,"remaining_time":6.101406395,"test":[6.820150474]},
{"learn":[6.022592392],"iteration":350,"passed_time":10.72628577,"remaining_time":6.081284525,"test":[6.821159827]},
{"learn":[6.022585792],"iteration":351,"passed_time":10.75449604,"remaining_time":6.049404022,"test":[6.821161011]},
{"learn":[6.022564309],"iteration":352,"passed_time":10.78119236,"remaining_time":6.016699417,"test":[6.821850154]},
{"learn":[6.02241593],"iteration":353,"passed_time":10.83147099,"remaining_time":5.997085631,"test":[6.822840832]},
{"learn":[6.022311645],"iteration":354,"passed_time":10.85959709,"remaining_time":5.965130795,"test":[6.823378057]},
{"learn":[6.021884143],"iteration":355,"passed_time":10.90030694,"remaining_time":5.940054904,"test":[6.824153677]},
{"learn":[6.021735847],"iteration":356,"passed_time":10.95459567,"remaining_time":5.922232395,"test":[6.825181426]},
{"learn":[6.021640131],"iteration":357,"passed_time":10.98192244,"remaining_time":5.889746112,"test":[6.825699713]},
{"learn":[6.021621399],"iteration":358,"passed_time":11.00855047,"remaining_time":5.856916825,"test":[6.826012016]},
{"learn":[6.02160201],"iteration":359,"passed_time":11.03653453,"remaining_time":5.82483767,"test":[6.826670146]},
{"learn":[6.021459096],"iteration":360,"passed_time":11.10644826,"remaining_time":5.814733301,"test":[6.827668345]},
{"learn":[6.020784514],"iteration":361,"passed_time":11.1428363,"remaining_time":5.786887358,"test":[6.82837974]},
{"learn":[6.020693944],"iteration":362,"passed_time":11.17091802,"remaining_time":5.754715344,"test":[6.828890076]},
{"learn":[6.020687729],"iteration":363,"passed_time":11.20053557,"remaining_time":5.723350595,"test":[6.828895043]},
{"learn":[6.020568081],"iteration":364,"passed_time":11.24341654,"remaining_time":5.69871797,"test":[6.829555543]},
{"learn":[6.020461676],"iteration":365,"passed_time":11.27984095,"remaining_time":5.670739712,"test":[6.830118615]},
{"learn":[6.020328009],"iteration":366,"passed_time":11.32368599,"remaining_time":5.646415629,"test":[6.831089352]},
{"learn":[6.020243219],"iteration":367,"passed_time":11.34783142,"remaining_time":5.612242713,"test":[6.831587039]},
{"learn":[6.02022584],"iteration":368,"passed_time":11.38288848,"remaining_time":5.583476462,"test":[6.832216259]},
{"learn":[6.020127409],"iteration":369,"passed_time":11.41961485,"remaining_time":5.555488304,"test":[6.832762191]},
{"learn":[6.020121492],"iteration":370,"passed_time":11.44166098,"remaining_time":5.520370122,"test":[6.832767785]},
{"learn":[6.020115649],"iteration":371,"passed_time":11.46865138,"remaining_time":5.487688025,"test":[6.832773242]},
{"learn":[6.020000383],"iteration":372,"passed_time":11.50683961,"remaining_time":5.460350165,"test":[6.833405027]},
{"learn":[6.019905114],"iteration":373,"passed_time":11.54132901,"remaining_time":5.431213651,"test":[6.833943991]},
{"learn":[6.019899489],"iteration":374,"passed_time":11.56859741,"remaining_time":5.398678792,"test":[6.833949048]},
{"learn":[6.019145425],"iteration":375,"passed_time":11.61205003,"remaining_time":5.37366145,"test":[6.835715436]},
{"learn":[6.018047689],"iteration":376,"passed_time":11.66153133,"remaining_time":5.351312783,"test":[6.835639024]},
{"learn":[6.018042368],"iteration":377,"passed_time":11.68983016,"remaining_time":5.319181976,"test":[6.835646732]},
{"learn":[6.017379152],"iteration":378,"passed_time":11.73324627,"remaining_time":5.293892116,"test":[6.837510165]},
{"learn":[6.017260319],"iteration":379,"passed_time":11.77175872,"remaining_time":5.266313113,"test":[6.838431237]},
{"learn":[6.017160376],"iteration":380,"passed_time":11.81249739,"remaining_time":5.239664195,"test":[6.83904161]},
{"learn":[6.017049398],"iteration":381,"passed_time":11.85429469,"remaining_time":5.213407088,"test":[6.839944427]},
{"learn":[6.016943736],"iteration":382,"passed_time":11.93765976,"remaining_time":5.205193681,"test":[6.840779496]},
{"learn":[6.016841839],"iteration":383,"passed_time":11.99798241,"remaining_time":5.186627812,"test":[6.841604145]},
{"learn":[6.016836893],"iteration":384,"passed_time":12.02799572,"remaining_time":5.154855307,"test":[6.841612072]},
{"learn":[6.016782682],"iteration":385,"passed_time":12.06589924,"remaining_time":5.126444237,"test":[6.842102304]},
{"learn":[6.016777824],"iteration":386,"passed_time":12.09663349,"remaining_time":5.094964494,"test":[6.84211055]},
{"learn":[6.016763922],"iteration":387,"passed_time":12.12563362,"remaining_time":5.062764551,"test":[6.842681881]},
{"learn":[6.016732211],"iteration":388,"passed_time":12.16375389,"remaining_time":5.034355723,"test":[6.842476016]},
{"learn":[6.016718539],"iteration":389,"passed_time":12.19217102,"remaining_time":5.001916314,"test":[6.843043382]},
{"learn":[6.016713801],"iteration":390,"passed_time":12.22470701,"remaining_time":4.971172417,"test":[6.843052279]},
{"learn":[6.016629093],"iteration":391,"passed_time":12.26739458,"remaining_time":4.944511082,"test":[6.843625721]},
{"learn":[6.016534066],"iteration":392,"passed_time":12.34672648,"remaining_time":4.93240727,"test":[6.844477694]},
{"learn":[6.016529499],"iteration":393,"passed_time":12.38206964,"remaining_time":4.902545342,"test":[6.844485891]},
{"learn":[6.016433327],"iteration":394,"passed_time":12.42472656,"remaining_time":4.875525613,"test":[6.845350935]},
{"learn":[6.016353972],"iteration":395,"passed_time":12.45444661,"remaining_time":4.843395904,"test":[6.845849245]},
{"learn":[6.016341568],"iteration":396,"passed_time":12.48546291,"remaining_time":4.811777896,"test":[6.846392455]},
{"learn":[6.016337008],"iteration":397,"passed_time":12.51800981,"remaining_time":4.780747465,"test":[6.846402078]},
{"learn":[6.016246852],"iteration":398,"passed_time":12.55869647,"remaining_time":4.752789893,"test":[6.847244401]},
{"learn":[6.015947557],"iteration":399,"passed_time":12.60445806,"remaining_time":4.726671774,"test":[6.84829028]},
{"learn":[6.015854394],"iteration":400,"passed_time":12.65140765,"remaining_time":4.700897106,"test":[6.849102161]},
{"learn":[6.015764706],"iteration":401,"passed_time":12.69275711,"remaining_time":4.672955353,"test":[6.849903362]},
{"learn":[6.0156792],"iteration":402,"passed_time":12.74122886,"remaining_time":4.64754502,"test":[6.850642599]},
{"learn":[6.015675028],"iteration":403,"passed_time":12.76742987,"remaining_time":4.61397218,"test":[6.850651601]},
{"learn":[6.01567091],"iteration":404,"passed_time":12.79434192,"remaining_time":4.580690318,"test":[6.850660384]},
{"learn":[6.015596606],"iteration":405,"passed_time":12.83941317,"remaining_time":4.553880531,"test":[6.851251822]},
{"learn":[6.015508577],"iteration":406,"passed_time":12.87301902,"remaining_time":4.522952629,"test":[6.851789577]},
{"learn":[6.015423786],"iteration":407,"passed_time":12.90764887,"remaining_time":4.492367988,"test":[6.852559298]},
{"learn":[6.014865263],"iteration":408,"passed_time":12.94597958,"remaining_time":4.463039414,"test":[6.853399982]},
{"learn":[6.01485472],"iteration":409,"passed_time":12.96851614,"remaining_time":4.428273805,"test":[6.853904346]},
{"learn":[6.014845976],"iteration":410,"passed_time":13.00539605,"remaining_time":4.398418615,"test":[6.854085315]},
{"learn":[6.01476285],"iteration":411,"passed_time":13.03597346,"remaining_time":4.366418295,"test":[6.854611764]},
{"learn":[6.014752692],"iteration":412,"passed_time":13.05963159,"remaining_time":4.332129606,"test":[6.855107494]},
{"learn":[6.014740475],"iteration":413,"passed_time":13.0903893,"remaining_time":4.300224504,"test":[6.855653389]},
{"learn":[6.014668709],"iteration":414,"passed_time":13.13202757,"remaining_time":4.271864391,"test":[6.856150606]},
{"learn":[6.014664936],"iteration":415,"passed_time":13.15507752,"remaining_time":4.237452856,"test":[6.856160543]},
{"learn":[6.014090797],"iteration":416,"passed_time":13.19181405,"remaining_time":4.207461075,"test":[6.857846353]},
{"learn":[6.014015325],"iteration":417,"passed_time":13.22554812,"remaining_time":4.176488881,"test":[6.858571483]},
{"learn":[6.014011628],"iteration":418,"passed_time":13.2504497,"remaining_time":4.142742029,"test":[6.858582766]},
{"learn":[6.01400798],"iteration":419,"passed_time":13.27437653,"remaining_time":4.108735591,"test":[6.858593777]},
{"learn":[6.013928662],"iteration":420,"passed_time":13.31086506,"remaining_time":4.078626112,"test":[6.859120289]},
{"learn":[6.013862399],"iteration":421,"passed_time":13.33460073,"remaining_time":4.044618232,"test":[6.859588622]},
{"learn":[6.013788357],"iteration":422,"passed_time":13.37097274,"remaining_time":4.014452808,"test":[6.860294009]},
{"learn":[6.013717438],"iteration":423,"passed_time":13.41405266,"remaining_time":3.986251497,"test":[6.860942798]},
{"learn":[6.013710348],"iteration":424,"passed_time":13.44509773,"remaining_time":3.954440509,"test":[6.861102186]},
{"learn":[6.013152993],"iteration":425,"passed_time":13.48794237,"remaining_time":3.926067732,"test":[6.861663607]},
{"learn":[6.013141988],"iteration":426,"passed_time":13.51460413,"remaining_time":3.892965593,"test":[6.862179974]},
{"learn":[6.013138638],"iteration":427,"passed_time":13.53640313,"remaining_time":3.858507434,"test":[6.862190447]},
{"learn":[6.01312791],"iteration":428,"passed_time":13.56386987,"remaining_time":3.825706885,"test":[6.862701317]},
{"learn":[6.012551024],"iteration":429,"passed_time":13.61104138,"remaining_time":3.798430153,"test":[6.864228766]},
{"learn":[6.012034071],"iteration":430,"passed_time":13.65233373,"remaining_time":3.769437852,"test":[6.865835718]},
{"learn":[6.011977072],"iteration":431,"passed_time":13.69274764,"remaining_time":3.740148661,"test":[6.866288464]},
{"learn":[6.011922067],"iteration":432,"passed_time":13.73560398,"remaining_time":3.71146805,"test":[6.86673692]},
{"learn":[6.011862758],"iteration":433,"passed_time":13.7761792,"remaining_time":3.682112412,"test":[6.867348762]},
{"learn":[6.011393502],"iteration":434,"passed_time":13.80623321,"remaining_time":3.649923721,"test":[6.868103912]},
{"learn":[6.011390366],"iteration":435,"passed_time":13.83230491,"remaining_time":3.616703577,"test":[6.868117661]},
{"learn":[6.011383688],"iteration":436,"passed_time":13.85587221,"remaining_time":3.582868558,"test":[6.868317772]},
{"learn":[6.01132763],"iteration":437,"passed_time":13.90272744,"remaining_time":3.555035327,"test":[6.868919934]},
{"learn":[6.011320263],"iteration":438,"passed_time":13.9264397,"remaining_time":3.521263796,"test":[6.8693496]},
{"learn":[6.011271687],"iteration":439,"passed_time":13.96738407,"remaining_time":3.491846018,"test":[6.869784439]},
{"learn":[6.011113242],"iteration":440,"passed_time":13.99697399,"remaining_time":3.459569534,"test":[6.870182163]},
{"learn":[6.011040704],"iteration":441,"passed_time":14.03190831,"remaining_time":3.428611081,"test":[6.870638585]},
{"learn":[6.011037994],"iteration":442,"passed_time":14.0552287,"remaining_time":3.394829506,"test":[6.870649975]},
{"learn":[6.01102622],"iteration":443,"passed_time":14.08655024,"remaining_time":3.363005237,"test":[6.870952593]},
{"learn":[6.010971866],"iteration":444,"passed_time":14.12184086,"remaining_time":3.332119753,"test":[6.871571123]},
{"learn":[6.010969255],"iteration":445,"passed_time":14.14499422,"remaining_time":3.298384302,"test":[6.871581811]},
{"learn":[6.01096264],"iteration":446,"passed_time":14.16825953,"remaining_time":3.264721995,"test":[6.871988844]},
{"learn":[6.010910721],"iteration":447,"passed_time":14.20925727,"remaining_time":3.235143396,"test":[6.872554317]},
{"learn":[6.010908181],"iteration":448,"passed_time":14.23131822,"remaining_time":3.20125421,"test":[6.8725646]},
{"learn":[6.010905675],"iteration":449,"passed_time":14.25365566,"remaining_time":3.167479035,"test":[6.872574634]},
{"learn":[6.010240406],"iteration":450,"passed_time":14.28961465,"remaining_time":3.13674468,"test":[6.87346613]},
{"learn":[6.010187661],"iteration":451,"passed_time":14.32604972,"remaining_time":3.106090426,"test":[6.874055211]},
{"learn":[6.01018175],"iteration":452,"passed_time":14.3490049,"remaining_time":3.072524227,"test":[6.874440046]},
{"learn":[6.010179419],"iteration":453,"passed_time":14.37498061,"remaining_time":3.039643477,"test":[6.874449308]},
{"learn":[6.010120278],"iteration":454,"passed_time":14.40014322,"remaining_time":3.006623309,"test":[6.874901789]},
{"learn":[6.010055227],"iteration":455,"passed_time":14.43390027,"remaining_time":2.975409265,"test":[6.875385241]},
{"learn":[6.009969795],"iteration":456,"passed_time":14.47448474,"remaining_time":2.945573481,"test":[6.876414709]},
{"learn":[6.009917685],"iteration":457,"passed_time":14.50019705,"remaining_time":2.912703339,"test":[6.876842243]},
{"learn":[6.009868007],"iteration":458,"passed_time":14.52562955,"remaining_time":2.879808908,"test":[6.87726074]},
{"learn":[6.009820648],"iteration":459,"passed_time":14.54822724,"remaining_time":2.846392285,"test":[6.877670365]},
{"learn":[6.009758876],"iteration":460,"passed_time":14.58382828,"remaining_time":2.815533008,"test":[6.878026514]},
{"learn":[6.009703],"iteration":461,"passed_time":14.62644343,"remaining_time":2.785989225,"test":[6.878534124]},
{"learn":[6.009625192],"iteration":462,"passed_time":14.64758118,"remaining_time":2.752353267,"test":[6.879513647]},
{"learn":[6.009569688],"iteration":463,"passed_time":14.68361146,"remaining_time":2.721531434,"test":[6.880046607]},
{"learn":[6.009565057],"iteration":464,"passed_time":14.70827284,"remaining_time":2.688609014,"test":[6.880389302]},
{"learn":[6.009511744],"iteration":465,"passed_time":14.74626452,"remaining_time":2.658124934,"test":[6.880911819]},
{"learn":[6.009507296],"iteration":466,"passed_time":14.77055843,"remaining_time":2.625174197,"test":[6.881247967]},
{"learn":[6.009454594],"iteration":467,"passed_time":14.80447036,"remaining_time":2.593945661,"test":[6.881688505]},
{"learn":[6.00940267],"iteration":468,"passed_time":14.85533128,"remaining_time":2.565632908,"test":[6.882157887]},
{"learn":[6.009400542],"iteration":469,"passed_time":14.87957595,"remaining_time":2.532693779,"test":[6.882166474]},
{"learn":[6.009350669],"iteration":470,"passed_time":14.9181638,"remaining_time":2.502197326,"test":[6.882667566]},
{"learn":[6.009302543],"iteration":471,"passed_time":14.96333134,"remaining_time":2.472753908,"test":[6.883123996]},
{"learn":[6.009250413],"iteration":472,"passed_time":14.99617727,"remaining_time":2.44123816,"test":[6.883562557]},
{"learn":[6.009203629],"iteration":473,"passed_time":15.03985347,"remaining_time":2.411453298,"test":[6.884046297]},
{"learn":[6.009201622],"iteration":474,"passed_time":15.0660351,"remaining_time":2.378847648,"test":[6.884053726]},
{"learn":[6.009197726],"iteration":475,"passed_time":15.09044691,"remaining_time":2.345993848,"test":[6.884367781]},
{"learn":[6.009155531],"iteration":476,"passed_time":15.13052395,"remaining_time":2.315572848,"test":[6.884687934]},
{"learn":[6.009114859],"iteration":477,"passed_time":15.16868988,"remaining_time":2.28482358,"test":[6.885004973]},
{"learn":[6.009112932],"iteration":478,"passed_time":15.19350206,"remaining_time":2.25206398,"test":[6.88501184]},
{"learn":[6.008618961],"iteration":479,"passed_time":15.23634569,"remaining_time":2.22196708,"test":[6.886308274]},
{"learn":[6.008581115],"iteration":480,"passed_time":15.27185217,"remaining_time":2.190764656,"test":[6.88661912]},
{"learn":[6.008519776],"iteration":481,"passed_time":15.309764,"remaining_time":2.159883717,"test":[6.886909936]},
{"learn":[6.008482878],"iteration":482,"passed_time":15.34517925,"remaining_time":2.128627349,"test":[6.887214881]},
{"learn":[6.008479845],"iteration":483,"passed_time":15.37382027,"remaining_time":2.096430037,"test":[6.887312414]},
{"learn":[6.008427886],"iteration":484,"passed_time":15.40906352,"remaining_time":2.065132225,"test":[6.88775253]},
{"learn":[6.008423432],"iteration":485,"passed_time":15.43684587,"remaining_time":2.032835671,"test":[6.888082699]},
{"learn":[6.008387142],"iteration":486,"passed_time":15.47249211,"remaining_time":2.001574955,"test":[6.888378673]},
{"learn":[6.008352163],"iteration":487,"passed_time":15.5107398,"remaining_time":1.970626778,"test":[6.888671751]},
{"learn":[6.007828281],"iteration":488,"passed_time":15.55087052,"remaining_time":1.939883644,"test":[6.888997038]},
{"learn":[6.007744898],"iteration":489,"passed_time":15.57205333,"remaining_time":1.906782041,"test":[6.890017973]},
{"learn":[6.007710881],"iteration":490,"passed_time":15.60525108,"remaining_time":1.875172736,"test":[6.890298801]},
{"learn":[6.007675548],"iteration":491,"passed_time":15.64055019,"remaining_time":1.843804697,"test":[6.890719544]},
{"learn":[6.007636656],"iteration":492,"passed_time":15.66887996,"remaining_time":1.811614925,"test":[6.891093432]},
{"learn":[6.007592149],"iteration":493,"passed_time":15.69861647,"remaining_time":1.779600248,"test":[6.891506097]},
{"learn":[6.00758975],"iteration":494,"passed_time":15.72385799,"remaining_time":1.747095332,"test":[6.891624415]},
{"learn":[6.007553062],"iteration":495,"passed_time":15.74644672,"remaining_time":1.714330892,"test":[6.891993895]},
{"learn":[6.007519773],"iteration":496,"passed_time":15.78321725,"remaining_time":1.683119747,"test":[6.892261249]},
{"learn":[6.007439826],"iteration":497,"passed_time":15.80862053,"remaining_time":1.650699333,"test":[6.893263572]},
{"learn":[6.007404142],"iteration":498,"passed_time":15.86089017,"remaining_time":1.621052904,"test":[6.893622636]},
{"learn":[6.007371875],"iteration":499,"passed_time":15.90197015,"remaining_time":1.590197015,"test":[6.893878195]},
{"learn":[6.00736902],"iteration":500,"passed_time":15.93654482,"remaining_time":1.558664064,"test":[6.894150416]},
{"learn":[6.00733599],"iteration":501,"passed_time":15.97819183,"remaining_time":1.527795234,"test":[6.894532378]},
{"learn":[6.007300412],"iteration":502,"passed_time":16.00176186,"remaining_time":1.495194448,"test":[6.89489731]},
{"learn":[6.007269848],"iteration":503,"passed_time":16.03676444,"remaining_time":1.463672945,"test":[6.895143072]},
{"learn":[6.007240397],"iteration":504,"passed_time":16.07028338,"remaining_time":1.43200545,"test":[6.895386402]},
{"learn":[6.007238284],"iteration":505,"passed_time":16.09668044,"remaining_time":1.399711342,"test":[6.895619265]},
{"learn":[6.007208258],"iteration":506,"passed_time":16.13445852,"remaining_time":1.368405752,"test":[6.895984827]},
{"learn":[6.007179378],"iteration":507,"passed_time":16.17452807,"remaining_time":1.337264132,"test":[6.896345299]},
{"learn":[6.007138191],"iteration":508,"passed_time":16.20711041,"remaining_time":1.305484336,"test":[6.896744777]},
{"learn":[6.007136248],"iteration":509,"passed_time":16.23045988,"remaining_time":1.272977245,"test":[6.896968118]},
{"learn":[6.007053871],"iteration":510,"passed_time":16.25834476,"remaining_time":1.240852144,"test":[6.897983663]},
{"learn":[6.007052095],"iteration":511,"passed_time":16.28044534,"remaining_time":1.208314303,"test":[6.89819799]},
{"learn":[6.007050669],"iteration":512,"passed_time":16.30209014,"remaining_time":1.175784279,"test":[6.898204536]},
{"learn":[6.006608629],"iteration":513,"passed_time":16.33741348,"remaining_time":1.144254641,"test":[6.898784017]},
{"learn":[6.006005364],"iteration":514,"passed_time":16.37909297,"remaining_time":1.11314224,"test":[6.899592036]},
{"learn":[6.005974359],"iteration":515,"passed_time":16.42099257,"remaining_time":1.082003386,"test":[6.899895708]},
{"learn":[6.005946157],"iteration":516,"passed_time":16.45638836,"remaining_time":1.050407768,"test":[6.900107493]},
{"learn":[6.005917603],"iteration":517,"passed_time":16.48958795,"remaining_time":1.018661804,"test":[6.900435332]},
{"learn":[6.005880431],"iteration":518,"passed_time":16.5181607,"remaining_time":0.9866338762,"test":[6.900817794]},
{"learn":[6.00587917],"iteration":519,"passed_time":16.53961636,"remaining_time":0.9542086362,"test":[6.900823543]},
{"learn":[6.005877925],"iteration":520,"passed_time":16.56605428,"remaining_time":0.9221028292,"test":[6.900829151]},
{"learn":[6.005876423],"iteration":521,"passed_time":16.59280745,"remaining_time":0.8900356487,"test":[6.90102603]},
{"learn":[6.005655141],"iteration":522,"passed_time":16.63789884,"remaining_time":0.8589355042,"test":[6.901251096]},
{"learn":[6.005653896],"iteration":523,"passed_time":16.66164698,"remaining_time":0.8267229419,"test":[6.901256707]},
{"learn":[6.005652453],"iteration":524,"passed_time":16.69017568,"remaining_time":0.7947702704,"test":[6.901449712]},
{"learn":[6.005624007],"iteration":525,"passed_time":16.7326587,"remaining_time":0.7634673172,"test":[6.901767083]},
{"learn":[6.005594169],"iteration":526,"passed_time":16.75550765,"remaining_time":0.7312650398,"test":[6.902105269]},
{"learn":[6.005567696],"iteration":527,"passed_time":16.79210195,"remaining_time":0.6996709147,"test":[6.902300178]},
{"learn":[6.005565931],"iteration":528,"passed_time":16.82671439,"remaining_time":0.6679792102,"test":[6.902363586]},
{"learn":[6.005564603],"iteration":529,"passed_time":16.85768627,"remaining_time":0.6361391046,"test":[6.90254851]},
{"learn":[6.005539133],"iteration":530,"passed_time":16.90653056,"remaining_time":0.6049417715,"test":[6.902739523]},
{"learn":[6.005537943],"iteration":531,"passed_time":16.93172675,"remaining_time":0.5728779729,"test":[6.902744561]},
{"learn":[6.005173972],"iteration":532,"passed_time":16.96466571,"remaining_time":0.5410868988,"test":[6.903434811]},
{"learn":[6.005140982],"iteration":533,"passed_time":16.99591756,"remaining_time":0.5092409757,"test":[6.903798038]},
{"learn":[6.005139714],"iteration":534,"passed_time":17.01913926,"remaining_time":0.4771721289,"test":[6.903980269]},
{"learn":[6.005090334],"iteration":535,"passed_time":17.06073305,"remaining_time":0.4456161618,"test":[6.904105022]},
{"learn":[6.005089111],"iteration":536,"passed_time":17.08511309,"remaining_time":0.4136060897,"test":[6.904283675]},
{"learn":[6.005058029],"iteration":537,"passed_time":17.11710518,"remaining_time":0.3817941677,"test":[6.90463682]},
{"learn":[6.005032448],"iteration":538,"passed_time":17.13972241,"remaining_time":0.3497902533,"test":[6.904952859]},
{"learn":[6.005006849],"iteration":539,"passed_time":17.17357606,"remaining_time":0.3180291862,"test":[6.905132976]},
{"learn":[6.004982201],"iteration":540,"passed_time":17.20604854,"remaining_time":0.2862374063,"test":[6.90531128]},
{"learn":[6.004952943],"iteration":541,"passed_time":17.23249256,"remaining_time":0.2543541338,"test":[6.905654409]},
{"learn":[6.004928804],"iteration":542,"passed_time":17.26922618,"remaining_time":0.222623542,"test":[6.905828592]},
{"learn":[6.004927719],"iteration":543,"passed_time":17.29111193,"remaining_time":0.1907107934,"test":[6.905833817]},
{"learn":[6.004903294],"iteration":544,"passed_time":17.31507099,"remaining_time":0.1588538623,"test":[6.906142806]},
{"learn":[6.004699045],"iteration":545,"passed_time":17.3437748,"remaining_time":0.1270606213,"test":[6.906999099]},
{"learn":[6.004652085],"iteration":546,"passed_time":17.3934578,"remaining_time":0.09539373567,"test":[6.90708071]},
{"learn":[6.004306975],"iteration":547,"passed_time":17.42085281,"remaining_time":0.06357975477,"test":[6.907724851]},
{"learn":[6.004305515],"iteration":548,"passed_time":17.44756755,"remaining_time":0.03178063305,"test":[6.907781095]},
{"learn":[6.004280685],"iteration":549,"passed_time":17.4839743,"remaining_time":0,"test":[6.907945513]}
]}